<?xml version="1.0" encoding="utf-8"?>
<test>
<env mis="off" err="off" ans="off">
	<info>
	(at 0 2)
	(sort 1 worktable) (size 1 big) (at 1 1)
	(sort 2 plant) (size 2 big) (at 2 2)
	(sort 3 chair) (size 3 big) (at 3 3)
	(sort 4 desk) (size 4 big) (at 4 4)
	(sort 5 closet) (size 5 big) (at 5 5) (type 5 container) (closed 5)
	(sort 6 refrigerator) (size 6 big) (at 6 6) (type 6 container) (closed 6)
	(sort 7 washmachine) (size 7 big) (at 7 7) (type 7 container) (opened 7)
	(sort 8 book) (size 8 small) (color 8 black) (inside 8 7)
	(sort 9 cup) (size 9 small) (color 9 yellow) (plate 9)
	(sort 10 book) (size 10 small) (color 10 red) (inside 10 6)
	(sort 11 remotecontrol) (size 11 small) (color 11 white)
	(sort 12 can) (size 12 small) (color 12 black)
	(sort 13 cup) (size 13 small) (color 13 black) (at 13 5)
	(sort 14 can) (size 14 small)
	(sort 15 bottle) (size 15 small) (color 15 black) (inside 15 5)
	(sort 16 bottle) (size 16 small) (color 16 blue) (at 16 2)
	(sort 17 book) (size 17 small) (color 17 yellow)
	(sort 18 bottle) (size 18 small) (color 18 yellow) (at 18 3)
	(sort 19 can) (size 19 small) (at 19 3) (color 19 blue)
	(sort 20 cup) (size 20 small) (color 20 blue) (inside 20 7)
	(sort 21 cup) (size 21 small) (color 21 red)
	(sort 22 remotecontrol) (size 22 small) (color 22 red) (hold 22)
	</info>
	<mis>
	(at 12 3)
	</mis>
	<err>
		<r>(inside 11 6) (at 14 2)</r>
		<w>(inside 11 5) (at 14 7)</w>
	</err>
	<extra>
	(at 17 2) (inside 21 5)
	</extra>
</env>
<instr>
(:ins 
	(:info (on X Y) (:cond (sort X book) (color X yellow) (sort Y plant)))
	(:info (inside X Y) (:cond (sort X cup) (color X red) (sort Y closet)))
	(:task (close X) (:cond (sort X washmachine)))
	(:task (putin X Y) (:cond (sort X bottle) (color X yellow) (sort Y refrigerator)))
	(:task (pickup X) (:cond (sort X remotecontrol) (color X white)))
	(:cons_not (:info (on X Y) (:cond (sort X cup) (color X yellow) (sort Y worktable))))
	(:cons_not (:info (opened X) (:cond (sort X closet))))
	(:task (puton X Y) (:cond (sort X can) (color X blue) (sort Y chair)))
	(:task (puton X Y) (:cond (sort X remotecontrol) (color X red) (sort Y chair)))
	(:task (puton X Y) (:cond (sort X cup) (color X red) (sort Y desk)))
)
</instr>
<nl>
There is the yellow book on the plant.
There is the red cup in the closet.
Close the door of the washmachine.
Put the yellow bottle in the refrigerator.
Pick up the white remotecontrol.
The yellow cup must be not on the worktable.
The door of the closet must not be opened.
Put the blue can on the chair.
Put the black can on the chair.
Put the red cup on the desk.
</nl>
</test>
