<?xml version="1.0" encoding="utf-8"?>
<test>
<env mis="off" err="off" ans="off">
    <info>
    (hold 0) (plate 15) (at 0 5)
    (sort 1 worktable) (size 1 big) (at 1 1)
    (sort 2 closet) (size 2 big) (at 2 2) (type 2 container) (closed 2)
    (sort 3 microwave) (size 3 big) (at 3 3) (type 3 container) (opened 3)
    (sort 4 plant) (size 4 big) (at 4 4)
    (sort 5 sofa) (size 5 big) (at 5 5)
    (sort 6 human) (size 6 big) (at 6 6)
    (sort 7 teapoy) (size 7 big) (at 7 7)
    (sort 8 can) (size 8 small) (color 8 red) 
    (sort 9 can) (size 9 small) (color 9 green) 
    (sort 10 can) (size 10 small) (color 10 black) 
    (sort 11 can) (size 11 small) (color 11 white) 
    (sort 12 bottle) (size 12 small) (color 12 red) 
    (sort 13 bottle) (size 13 small) (color 13 blue) 
    (sort 14 book) (size 14 small) (color 14 red) 
    (sort 15 book) (size 15 small) (color 15 yellow)
    </info>
    <mis>
    (at 12 1) (inside 13 2) (at 14 5)
    </mis>
    <err>
        <r>(inside 8 2) (at 9 4) (inside 10 3) (at 11 7)</r>
        <w>(at 8 1) (at 9 4) (at 10 6) (inside 11 2)</w>
    </err>
    <extra>
    </extra>
</env>
<instr>
(:ins
    (:cons_not (:task (putdown X) (:cond (sort X book) (color X yellow))))
    (:cons_notnot (:info (on X Y) (:cond (sort X can) (color X green) (sort Y plant))))
    (:cons_notnot (:info (on X Y) (:cond (sort X can) (color X white) (sort Y teapoy))))
    (:task (close X) (:cond (sort X microwave)))
    (:task (putin X Y) (:cond (sort X bottle) (color X red) (sort Y microwave)))
    (:task (puton X Y) (:cond (sort X book) (color X red) (sort Y plant)))
    (:task (puton X Y) (:cond (sort X can) (color X green) (sort Y worktable)))
    (:task (putin X Y) (:cond (sort X can) (color X black) (sort Y closet)))
    (:task (takeout X Y) (:cond (sort X bottle) (color X blue) (sort Y microwave)))
)
</instr>
<nl>
Do not put the yellow book down.
There must be a green can on plant.
The white can must be on the teapoy.
Close the microwave.
Put the red bottle in microwave.
Put the red book on the plant.
Put the green can on the worktable.
Put the black can in the closet.
Take the blue bottle out of the closet.
</nl>
</test>
