<?xml version="1.0" encoding="utf-8"?>
<test>
<env mis="off" err="off" ans="off">
    <info>
    (hold 0) (plate 0) (at 0 4)
    (sort 1 couch) (size 1 big) (at 1 1)
    (sort 2 bed) (size 2 big) (at 2 2)
    (sort 3 table) (size 3 big) (at 3 3)
    (sort 4 desk) (size 4 big) (at 4 4)
    (sort 5 washmachine) (size 5 big) (at 5 5) (type 5 container) (closed 5)
    (sort 6 refrigerator) (size 6 big) (at 6 6) (type 6 container) (closed 6)
    (sort 8 book) (size 8 small) (color 8 red) 
    (sort 9 book) (size 9 small) (color 9 blue) (inside 9 6)
    (sort 10 book) (size 10 small) (color 10 green) 
    (sort 11 cup) (size 11 small) (color 11 red) 
    (sort 12 cup) (size 12 small) (color 12 blue) 
    (sort 13 cup) (size 13 small) (color 13 green) (at 13 3)
    (sort 14 can) (size 14 small) (color 14 white) 
    (sort 15 can) (size 15 small) (color 15 black) (at 15 1)
    </info>
    <mis>
    (inside 8 5) (at 11 4)
    </mis>
    <err>
        <r>(inside 12 6) (inside 14 5) (at 10 2)</r>
        <w>(at 12 2) (at 14 1) (inside 10 6)</w>
    </err>
    <extra>
    </extra>
</env>
<instr>
(:ins
    (:task (putin X Y) (:cond (sort X cup) (color X green) (sort Y washmachine)))
    (:task (putin X Y) (:cond (sort X can) (color X black) (sort Y refrigerator)))
    (:task (takeout X Y) (:cond (sort X book) (color X blue) (sort Y washmachine)))
    (:task (pickup X) (:cond (sort X cup) (color X blue)))
    (:task (goto X) (:cond (sort X refrigerator)))
    (:task (puton X Y) (:cond (sort X book) (color X green) (sort Y bed)))
)
</instr>
<nl>
Put the green cup in washmachine.
Put the black can in refrigerator.
Take out the blue book from refrigerator.
Pick up the blue cup.
Go to the refrigerator.
Put the green book on the bed.
</nl>
</test>
