<?xml version="1.0" encoding="utf-8"?>
<test>
<env mis="off" err="off" ans="off">
	<info>
	(plate 0) (hold 0) (at 0 13)
	(sort 2 sofa) (size 2 big) (at 2 2)
	(sort 4 chair) (size 4 big) (at 4 4)
	(sort 5 plant) (size 5 big) (at 5 5)
	(sort 6 refrigerator) (size 6 big) (at 6 6) (type 6 container) (opened 6)
	(sort 8 teapoy) (size 8 big) (at 8 8)
	(sort 9 human) (size 9 big) (at 9 9)
	(sort 10 airconditioner) (size 10 big) (at 10 10)
	(sort 11 washmachine) (size 11 big) (at 11 11) (type 11 container) (closed 11)
	(sort 12 microwave) (size 12 big) (at 12 12) (type 12 container) (opened 12)
	(sort 13 sofa) (size 13 big) (at 13 13)
	(sort 14 couch) (size 14 big) (at 14 14)
	(sort 15 cup) (size 15 small) (color 15 white) (inside 15 12)
	(sort 16 remotecontrol) (size 16 small) (color 16 white) (at 16 10)
	(sort 17 cup) (size 17 small) (color 17 yellow)
	(sort 19 can) (size 19 small) (color 19 green) (at 19 5)
	(sort 20 can) (size 20 small) (color 20 blue) (inside 20 11)
	(sort 21 cup) (size 21 small) (color 21 red) (inside 21 6)
	</info>
	<mis>
	(at 21 5)
	</mis>
	<err>
	<r>
	(inside 17 6)
	</r>
	<w>
	(inside 17 10)
	</w>
	</err>
</env>
<instr>(:ins 
	(:task (takeout X Y) (:cond (sort X cup) (color X white) (sort Y microwave) (type Y container)))
	(:task (close X) (:cond (type X container) (sort X refrigerator)))
	(:task (pickup X) (:cond (sort X can) (color X blue)))
	(:task (puton X Y) (:cond (sort X cup) (color X yellow) (sort Y teapoy)))
	(:task (putin X Y) (:cond (sort X cup) (color X white) (sort Y microwave)))
	)
</instr>
<nl>
Take out the white cup from microwave.
Close the refrigerator.
Pick up the blue can.
Put the yellow cup on the teapoy.
Put the white cup in the microwave.
</nl>
</test>
