<?xml version="1.0" encoding="utf-8"?>
<test>
<env mis="off" err="off" ans="off">
	<info>
	(plate 0) (at 0 12)
	(sort 1 sofa) (size 1 big) (at 1 1)
	(sort 2 teapoy) (size 2 big) (at 2 2)
	(sort 3 bed) (size 3 big) (at 3 3)
	(sort 4 cupboard) (size 4 big) (at 4 4) (type 4 container)
	(sort 5 couch) (size 5 big) (at 5 5)
	(sort 6 desk) (size 6 big) (at 6 6)
	(sort 7 chair) (size 7 big) (at 7 7)
	(sort 8 closet) (size 8 big) (at 8 8) (type 8 container) (opened 8)
	(sort 9 airconditioner) (size 9 big) (at 9 9)
	(sort 11 plant) (size 11 big) (at 11 11)
	(sort 12 television) (size 12 big) (at 12 12)
	(sort 14 table) (size 14 big) (at 14 14)
	(sort 15 workspace) (size 15 big) (at 15 15)
	(sort 16 cup) (size 16 small) (color 16 white) (at 16 15)
	(sort 17 cup) (size 17 small) (color 17 blue) (at 17 14)
	(sort 18 bottle) (size 18 small) (color 18 yellow) (hold 18)
	(sort 19 book) (size 19 small) (color 19 blue) (inside 19 4)
	(sort 20 cup) (size 20 small) (color 20 red)
	(sort 21 book) (size 21 small) (color 21 black) (at 21 9)
	(sort 22 book) (size 22 small) (color 22 yellow)
	(sort 23 can) (size 23 small) (color 23 green) (at 23 15)
	(sort 24 remotecontrol) (size 24 small) (color 24 red)
	(sort 25 remotecontrol) (size 25 small) (color 25 white) (at 25 15)
	(sort 26 can) (size 26 small) (color 26 blue)
	(sort 27 cup) (size 27 small) (color 27 black) (at 27 5)
	(sort 28 can) (size 28 small) (color 28 red) (at 28 6)
	</info>
	<mis>
	(at 22 6) (at 26 14)
	</mis>
	<err>
	<r>
	(at 20 6) (at 24 5)</r>
	<w>(at 20 4) (at 24 4)</w>
	</err>
	<extra>
	(at 20 2) (closed 4)
        </extra>
</env>
<instr>(:ins 
	(:task (goto X) (:cond (sort X desk)))
	(:task (pickup X) (:cond (sort X remotecontrol) (color X red)))
	(:task (puton X Y) (:cond (sort X cup) (color X blue) (sort Y airconditioner)))
	(:info (on X Y) (:cond (sort X cup) (color X red) (sort Y teapoy)))
	(:info (closed X) (:cond (type X container) (sort X cupboard)))
	(:cons_notnot (:info (opened X) (:cond (type X container) (sort X closet))))
	(:task (puton X Y) (:cond (sort X cup) (color X red) (sort Y chair)))
	(:task (puton X Y) (:cond (sort X cup) (color X black) (sort Y teapoy)))
	)
</instr>
<nl>
Go to desk.
Pick up the red remotecontrol.
Put the blue cup on airconditioner.
The red cup is on teapoy.
The cupboard is closed.
The closet must be opened.
Put the red cup on the chair.
Put the black cup on the teapoy.
</nl>
</test>
